{
    "Latitude": {
        "min": 8.000337407905619,
        "max": 36.99181252529779
    },
    "Longitude": {
        "min": 68.00457459276365,
        "max": 96.99781997816213
    },
    "Rainfall (mm)": {
        "min": 0.014437168293524,
        "max": 299.9702931027695
    },
    "Temperature (\u00b0C)": {
        "min": 15.00016610027214,
        "max": 44.99368115437786
    },
    "Humidity (%)": {
        "min": 20.00133890063477,
        "max": 99.9977717894386
    },
    "River Discharge (m\u00b3/s)": {
        "min": 0.0421610565215502,
        "max": 4999.698480228592
    },
    "Water Level (m)": {
        "min": 0.0027012235672785,
        "max": 9.996898773860396
    },
    "Elevation (m)": {
        "min": 1.1503397240072708,
        "max": 8846.894877202165
    },
    "Land Cover": {
        "min": 1.0,
        "max": 5.0
    },
    "Soil Type": {
        "min": 1.0,
        "max": 5.0
    },
    "Population Density": {
        "min": 2.2890002655517883,
        "max": 9999.169529703417
    },
    "Infrastructure": {
        "min": 0.0,
        "max": 1.0
    },
    "Historical Floods": {
        "min": 0.0,
        "max": 1.0
    },
    "Flood Occurred": {
        "min": 0.0,
        "max": 1.0
    }
}